{
  "cross_validation": {
    "fold_scores": {
      "accuracy": [
        0.6666666666666666,
        0.6666666666666666
      ],
      "precision": [
        0.8333333333333334,
        0.8333333333333334
      ],
      "recall": [
        0.6666666666666666,
        0.6666666666666666
      ],
      "f1": [
        0.6666666666666666,
        0.6666666666666666
      ]
    },
    "mean_scores": {
      "accuracy": 0.6666666666666666,
      "precision": 0.8333333333333334,
      "recall": 0.6666666666666666,
      "f1": 0.6666666666666666
    },
    "std_scores": {
      "accuracy": 0.0,
      "precision": 0.0,
      "recall": 0.0,
      "f1": 0.0
    }
  },
  "data_size": 6,
  "n_folds": 2
}